image_id,filename,split,tooth_count,width,height
1,train_283.png,train,27,2710,1316
2,train_435.png,val,29,2788,1316
3,train_95.png,train,28,2888,1316
4,train_475.png,train,26,2966,1316
5,train_62.png,train,29,2795,1316
6,train_187.png,train,29,2838,1316
7,train_509.png,val,30,2799,1316
8,train_31.png,train,32,2829,1316
9,train_498.png,train,29,2905,1316
10,train_264.png,train,29,2780,1316
11,train_581.png,train,32,2814,1316
12,train_458.png,val,28,3003,1316
13,train_12.png,train,27,2868,1504
14,train_564.png,train,30,2807,1316
15,train_559.png,train,30,2873,1316
16,train_324.png,train,29,2656,1316
17,train_136.png,train,29,2986,1316
18,train_305.png,train,29,2845,1316
19,train_348.png,train,27,2989,1316
20,train_251.png,train,30,2899,1316
21,train_176.png,train,28,3002,1316
22,train_621.png,train,29,1976,976
23,train_453.png,train,26,2797,1316
24,train_289.png,train,32,2868,1504
25,train_229.png,train,30,2868,1504
26,train_499.png,val,29,2973,1316
27,train_290.png,train,24,2966,1316
28,train_254.png,val,31,2872,1504
29,train_271.png,train,28,2806,1316
30,train_440.png,train,30,2922,1316
31,train_61.png,val,30,1976,976
32,train_41.png,train,28,3002,1316
33,train_383.png,val,26,2807,1316
34,train_536.png,train,23,2868,1504
35,train_209.png,train,20,2882,1316
36,train_7.png,train,29,2864,1316
37,train_54.png,train,30,2868,1504
38,train_233.png,train,29,2918,1316
39,train_568.png,train,28,2805,1316
40,train_493.png,train,32,2843,1316
41,train_311.png,train,28,2888,1316
42,train_225.png,train,32,2950,1316
43,train_482.png,train,30,2783,1316
44,train_487.png,train,28,2878,1316
45,train_3.png,val,30,2950,1316
46,train_0.png,train,30,2955,1316
47,train_292.png,val,31,2767,1316
48,train_19.png,train,31,2802,1316
49,train_617.png,val,32,2920,1316
50,train_592.png,train,30,2862,1316
51,train_541.png,train,31,2882,1316
52,train_113.png,train,31,2727,1316
53,train_217.png,train,28,2820,1316
54,train_404.png,train,26,2971,1316
55,train_117.png,train,28,2891,1316
56,train_495.png,train,27,2833,1316
57,train_447.png,train,32,2842,1316
58,train_630.png,val,26,2891,1316
59,train_474.png,train,29,2718,1316
60,train_294.png,train,32,1976,976
61,train_441.png,train,24,2860,1316
62,train_405.png,train,29,1976,976
63,train_92.png,train,26,2893,1316
64,train_431.png,train,32,2991,1316
65,train_518.png,train,27,2814,1316
66,train_606.png,val,30,2844,1316
67,train_110.png,train,32,2968,1316
68,train_153.png,val,32,1976,976
69,train_137.png,train,31,2950,1316
70,train_326.png,train,26,2991,1316
71,train_545.png,train,30,2724,1316
72,train_544.png,val,26,2904,1316
73,train_480.png,train,30,2897,1316
74,train_231.png,val,29,2869,1316
75,train_108.png,train,27,2846,1316
76,train_521.png,train,29,2928,1316
77,train_309.png,train,32,2940,1316
78,train_5.png,train,29,2885,1316
79,train_424.png,train,30,2873,1316
80,train_141.png,train,29,2892,1316
81,train_87.png,val,27,2990,1316
82,train_608.png,val,24,2981,1316
83,train_538.png,train,29,2934,1316
84,train_125.png,train,32,2824,1316
85,train_223.png,train,21,2911,1316
86,train_328.png,train,30,2692,1316
87,train_534.png,train,30,2952,1316
88,train_188.png,train,28,2948,1316
89,train_513.png,train,29,2937,1316
90,train_112.png,val,32,2916,1316
91,train_393.png,train,31,1976,976
92,train_355.png,train,30,2875,1316
93,train_457.png,train,29,2744,1316
94,train_58.png,val,31,2898,1316
95,train_385.png,val,30,2940,1316
96,train_86.png,val,31,2868,1316
97,train_452.png,train,28,2891,1316
98,train_66.png,train,25,2844,1316
99,train_300.png,train,32,2922,1316
100,train_500.png,val,32,2868,1504
101,train_531.png,train,30,2942,1316
102,train_246.png,train,28,2736,1316
103,train_35.png,train,32,2885,1316
104,train_315.png,val,28,2850,1316
105,train_456.png,val,28,2844,1316
106,train_466.png,train,34,2659,1316
107,train_263.png,train,27,3000,1316
108,train_240.png,train,22,2933,1316
109,train_166.png,train,31,2825,1316
110,train_603.png,train,30,2865,1316
111,train_604.png,train,21,2964,1316
112,train_199.png,train,30,2968,1316
113,train_285.png,val,29,2972,1316
114,train_319.png,train,30,2740,1316
115,train_210.png,val,29,2951,1316
116,train_400.png,train,27,2955,1316
117,train_502.png,train,29,2977,1316
118,train_573.png,val,31,2811,1316
119,train_588.png,train,32,2900,1316
120,train_204.png,train,31,2966,1316
121,train_250.png,train,30,1976,976
122,train_266.png,train,29,2842,1316
123,train_127.png,train,32,1976,976
124,train_451.png,train,30,2820,1316
125,train_313.png,train,28,2868,1504
126,train_428.png,train,28,2968,1316
127,train_273.png,train,26,2933,1316
128,train_101.png,val,27,2910,1316
129,train_169.png,train,28,2809,1316
130,train_303.png,train,32,2838,1316
131,train_511.png,train,27,2953,1316
132,train_162.png,train,32,1976,976
133,train_255.png,train,29,2967,1316
134,train_485.png,train,28,3001,1316
135,train_436.png,train,21,2837,1316
136,train_438.png,train,32,2822,1316
137,train_388.png,train,29,2712,1316
138,train_220.png,train,26,2829,1316
139,train_591.png,train,29,2896,1316
140,train_505.png,train,20,2809,1316
141,train_291.png,train,32,2744,1316
142,train_510.png,val,31,2799,1316
143,train_29.png,val,28,2990,1316
144,train_44.png,train,30,2832,1316
145,train_434.png,train,28,2902,1316
146,train_274.png,train,26,2892,1316
147,train_372.png,val,19,2868,1504
148,train_417.png,train,31,2872,1504
149,train_415.png,train,27,2935,1316
150,train_331.png,train,23,2828,1316
151,train_247.png,train,25,2812,1316
152,train_243.png,train,29,2881,1316
153,train_332.png,train,25,2965,1316
154,train_276.png,train,28,2873,1316
155,train_551.png,train,18,2880,1316
156,train_170.png,train,26,2990,1316
157,train_407.png,val,23,2839,1316
158,train_529.png,train,31,2802,1316
159,train_84.png,train,24,2958,1316
160,train_467.png,val,31,2771,1316
161,train_102.png,train,30,2957,1316
162,train_615.png,val,28,2902,1316
163,train_330.png,train,29,2804,1316
164,train_496.png,val,30,1976,976
165,train_79.png,train,27,2872,1504
166,train_437.png,train,26,2750,1316
167,train_462.png,val,23,2754,1316
168,train_216.png,val,31,2767,1316
169,train_497.png,train,29,2771,1316
170,train_16.png,train,30,2781,1316
171,train_103.png,train,30,2965,1316
172,train_155.png,train,22,2951,1316
173,train_356.png,train,24,2947,1316
174,train_362.png,train,30,2927,1316
175,train_10.png,train,28,2905,1316
176,train_570.png,val,30,2808,1316
177,train_327.png,train,26,1976,976
178,train_506.png,train,40,2882,1316
179,train_391.png,train,32,1976,976
180,train_22.png,train,24,2777,1316
181,train_177.png,train,31,2800,1316
182,train_30.png,train,28,2854,1316
183,train_611.png,train,31,2846,1316
184,train_524.png,train,30,2938,1316
185,train_325.png,train,31,2844,1316
186,train_596.png,train,30,2868,1504
187,train_130.png,train,27,2982,1316
188,train_402.png,train,32,2979,1316
189,train_277.png,train,30,2692,1316
190,train_392.png,train,32,2804,1316
191,train_430.png,train,27,2868,1504
192,train_471.png,train,27,2867,1316
193,train_450.png,train,30,1976,976
194,train_578.png,train,31,2762,1316
195,train_347.png,train,32,2785,1316
196,train_143.png,train,28,2953,1316
197,train_80.png,val,32,2979,1316
198,train_618.png,train,31,2880,1316
199,train_129.png,train,26,2820,1316
200,train_446.png,train,31,2868,1504
201,train_549.png,train,27,2868,1504
202,train_464.png,train,26,2824,1316
203,train_218.png,train,31,2823,1316
204,train_213.png,val,28,1976,976
205,train_540.png,train,32,2872,1504
206,train_546.png,train,32,2940,1316
207,train_9.png,train,32,2830,1316
208,train_135.png,train,29,1976,976
209,train_261.png,train,31,3000,1316
210,train_152.png,train,29,2930,1316
211,train_548.png,train,32,1976,976
212,train_561.png,train,32,2862,1316
213,train_455.png,train,27,2794,1316
214,train_519.png,train,26,2868,1504
215,train_358.png,val,26,2852,1316
216,train_623.png,train,32,2868,1504
217,train_49.png,val,26,2967,1316
218,train_343.png,val,29,2872,1504
219,train_159.png,train,28,2970,1316
220,train_25.png,train,27,2964,1316
221,train_287.png,val,22,2741,1316
222,train_365.png,train,29,2880,1316
223,train_515.png,train,27,2805,1316
224,train_460.png,val,30,2896,1316
225,train_454.png,val,29,1976,976
226,train_107.png,val,31,2860,1316
227,train_85.png,train,27,2922,1316
228,train_477.png,train,29,2796,1316
229,train_583.png,val,32,2868,1504
230,train_602.png,train,31,2752,1316
231,train_4.png,train,28,2862,1316
232,train_154.png,train,29,2966,1316
233,train_336.png,train,24,2788,1316
234,train_195.png,val,25,2949,1316
235,train_322.png,val,30,1976,976
236,train_593.png,train,29,2832,1316
237,train_228.png,train,21,2886,1316
238,train_412.png,train,29,2742,1316
239,train_26.png,val,21,1976,976
240,train_609.png,train,32,1976,976
241,train_160.png,train,29,1976,976
242,train_514.png,train,30,2918,1316
243,train_416.png,train,26,2799,1316
244,train_191.png,train,28,2833,1316
245,train_527.png,train,28,2786,1316
246,train_38.png,train,32,2840,1316
247,train_88.png,train,32,2677,1316
248,train_11.png,train,32,2820,1316
249,train_373.png,train,24,2850,1316
250,train_542.png,train,31,2868,1504
251,train_181.png,val,29,2868,1504
252,train_156.png,train,27,2991,1316
253,train_57.png,val,27,2931,1316
254,train_555.png,train,31,1976,976
255,train_308.png,train,30,2926,1316
256,train_171.png,train,31,2895,1316
257,train_421.png,train,26,2867,1316
258,train_37.png,val,30,2868,1504
259,train_98.png,train,32,2868,1504
260,train_353.png,train,32,2664,1316
261,train_14.png,train,25,2842,1316
262,train_128.png,train,28,2935,1316
263,train_252.png,train,30,2805,1316
264,train_211.png,train,28,2836,1316
265,train_286.png,train,21,2981,1316
266,train_93.png,train,30,2868,1504
267,train_610.png,train,31,2772,1316
268,train_304.png,train,31,2892,1316
269,train_585.png,train,31,2926,1316
270,train_584.png,val,31,2860,1316
271,train_172.png,val,29,1976,976
272,train_124.png,val,29,2781,1316
273,train_145.png,train,31,2858,1316
274,train_528.png,val,32,2812,1316
275,train_576.png,val,28,2868,1504
276,train_280.png,train,31,2989,1316
277,train_312.png,val,25,2868,1504
278,train_200.png,train,29,2868,1504
279,train_265.png,train,31,2873,1316
280,train_394.png,train,32,2948,1316
281,train_468.png,train,31,2868,1504
282,train_423.png,val,29,2826,1316
283,train_56.png,train,32,2765,1316
284,train_158.png,train,31,2836,1316
285,train_234.png,val,32,1976,976
286,train_299.png,train,29,2806,1316
287,train_115.png,train,28,2808,1316
288,train_214.png,train,28,2906,1316
289,train_376.png,train,26,2812,1316
290,train_620.png,train,27,2812,1316
291,train_241.png,train,28,2967,1316
292,train_134.png,train,23,2967,1316
293,train_281.png,train,31,2780,1316
294,train_183.png,train,25,2768,1316
295,train_366.png,train,32,2800,1316
296,train_123.png,train,25,2883,1316
297,train_413.png,val,23,2936,1316
298,train_118.png,train,25,2831,1316
299,train_40.png,train,28,2844,1316
300,train_367.png,train,32,1976,976
301,train_586.png,val,30,2858,1316
302,train_386.png,train,24,2828,1316
303,train_104.png,train,32,2772,1316
304,train_51.png,train,31,2880,1316
305,train_565.png,train,20,2849,1316
306,train_219.png,train,31,2782,1316
307,train_133.png,train,24,3003,1316
308,train_363.png,train,30,2868,1504
309,train_483.png,train,28,2731,1316
310,train_260.png,train,31,2728,1316
311,train_340.png,train,31,2810,1316
312,train_408.png,train,32,2842,1316
313,train_27.png,train,28,2852,1316
314,train_65.png,train,28,2916,1316
315,train_622.png,train,30,2868,1504
316,train_374.png,train,30,2878,1316
317,train_297.png,train,23,2875,1316
318,train_571.png,train,31,2922,1316
319,train_301.png,train,30,2868,1504
320,train_476.png,train,31,2846,1316
321,train_105.png,train,28,1976,976
322,train_557.png,train,31,2832,1316
323,train_248.png,val,24,2884,1316
324,train_253.png,val,31,2874,1316
325,train_293.png,train,27,2970,1316
326,train_484.png,train,32,2786,1316
327,train_612.png,train,29,2742,1316
328,train_257.png,train,28,2991,1316
329,train_562.png,train,28,2951,1316
330,train_631.png,train,31,2798,1316
331,train_624.png,train,31,2868,1504
332,train_470.png,train,31,2904,1316
333,train_314.png,val,31,2952,1316
334,train_600.png,train,27,2936,1316
335,train_150.png,train,28,2843,1316
336,train_161.png,train,27,2868,1504
337,train_174.png,train,28,2896,1316
338,train_151.png,train,32,2834,1316
339,train_530.png,train,24,2980,1316
340,train_632.png,train,30,2896,1316
341,train_409.png,train,29,2970,1316
342,train_121.png,train,21,2868,1504
343,train_64.png,train,32,2856,1316
344,train_507.png,train,30,2868,1504
345,train_196.png,val,32,1976,976
346,train_369.png,train,31,2816,1316
347,train_244.png,train,29,2820,1316
348,train_173.png,train,32,2753,1316
349,train_94.png,val,30,2844,1316
350,train_488.png,train,29,2868,1504
351,train_401.png,train,30,2837,1316
352,train_232.png,train,32,2824,1316
353,train_629.png,val,32,2872,1504
354,train_605.png,train,32,2956,1316
355,train_489.png,train,25,2733,1316
356,train_334.png,train,26,2858,1316
357,train_116.png,train,31,2892,1316
358,train_582.png,train,28,2944,1316
359,train_259.png,train,28,3001,1316
360,train_205.png,train,32,2797,1316
361,train_442.png,train,30,2833,1316
362,train_122.png,train,29,2931,1316
363,train_478.png,train,29,2871,1316
364,train_59.png,val,32,2989,1316
365,train_83.png,train,32,2942,1316
366,train_349.png,train,26,2714,1316
367,train_626.png,train,25,2808,1316
368,train_74.png,val,28,2883,1316
369,train_566.png,train,27,2744,1316
370,train_526.png,val,32,1976,976
371,train_614.png,val,14,2778,1316
372,train_590.png,train,25,2992,1316
373,train_67.png,train,23,2751,1316
374,train_321.png,val,23,2897,1316
375,train_346.png,train,26,2922,1316
376,train_469.png,train,32,2936,1316
377,train_320.png,train,28,2714,1316
378,train_396.png,train,31,2868,1504
379,train_20.png,train,32,2965,1316
380,train_597.png,val,30,2957,1316
381,train_535.png,train,29,2830,1316
382,train_215.png,train,26,2902,1316
383,train_148.png,train,32,2887,1316
384,train_403.png,train,31,1976,976
385,train_382.png,train,25,2947,1316
386,train_50.png,train,26,2822,1316
387,train_245.png,train,28,2727,1316
388,train_337.png,val,28,2927,1316
389,train_406.png,val,31,2855,1316
390,train_24.png,val,32,2723,1316
391,train_552.png,val,26,2942,1316
392,train_387.png,train,30,2828,1316
393,train_206.png,train,24,1976,976
394,train_73.png,train,23,2942,1316
395,train_1.png,val,31,2847,1316
396,train_100.png,train,31,2907,1316
397,train_106.png,train,29,2890,1316
398,train_594.png,train,29,2991,1316
399,train_459.png,train,23,2836,1316
400,train_377.png,train,31,2875,1316
401,train_164.png,train,26,2780,1316
402,train_142.png,train,31,2885,1316
403,train_2.png,train,30,2872,1504
404,train_439.png,train,25,2844,1316
405,train_306.png,train,27,2948,1316
406,train_6.png,val,22,2806,1316
407,train_146.png,train,30,2983,1316
408,train_237.png,train,29,2940,1316
409,train_461.png,val,32,2862,1316
410,train_473.png,train,27,2868,1504
411,train_381.png,val,30,1976,976
412,train_361.png,train,22,2917,1316
413,train_351.png,train,30,2750,1316
414,train_76.png,train,32,2938,1316
415,train_236.png,train,32,2836,1316
416,train_69.png,train,29,2776,1316
417,train_532.png,train,28,2890,1316
418,train_226.png,train,30,2984,1316
419,train_379.png,train,28,2914,1316
420,train_486.png,train,26,2748,1316
421,train_132.png,train,21,2890,1316
422,train_239.png,train,28,1976,976
423,train_375.png,train,29,2868,1504
424,train_190.png,train,28,2785,1316
425,train_77.png,train,28,2757,1316
426,train_168.png,train,23,2892,1316
427,train_425.png,train,19,2836,1316
428,train_414.png,train,29,2791,1316
429,train_267.png,train,30,2914,1316
430,train_448.png,val,28,2814,1316
431,train_8.png,train,28,2868,1504
432,train_144.png,train,31,2765,1316
433,train_208.png,val,22,2922,1316
434,train_96.png,train,29,2868,1504
435,train_503.png,train,29,2959,1316
436,train_282.png,train,32,2872,1504
437,train_99.png,train,27,2708,1316
438,train_48.png,train,29,2881,1316
439,train_352.png,val,24,2786,1316
440,train_411.png,train,31,2782,1316
441,train_512.png,train,27,2812,1316
442,train_89.png,train,31,2979,1316
443,train_398.png,train,31,2809,1316
444,train_410.png,train,29,2927,1316
445,train_579.png,train,29,1976,976
446,train_119.png,val,20,2820,1316
447,train_109.png,train,22,2856,1316
448,train_543.png,train,31,2868,1504
449,train_492.png,val,18,2999,1316
450,train_364.png,train,32,2872,1504
451,train_517.png,train,32,2932,1316
452,train_310.png,train,30,1976,976
453,train_147.png,train,30,2794,1316
454,train_81.png,train,31,2787,1316
455,train_28.png,train,32,2698,1316
456,train_91.png,train,31,2843,1316
457,train_272.png,train,32,1976,976
458,train_296.png,train,32,2777,1316
459,train_78.png,train,32,2882,1316
460,train_341.png,val,26,2933,1316
461,train_472.png,train,26,2872,1504
462,train_198.png,train,28,2868,1504
463,train_212.png,train,27,2912,1316
464,train_560.png,train,31,2772,1316
465,train_295.png,val,32,1976,976
466,train_203.png,train,31,2868,1504
467,train_420.png,train,23,2868,1504
468,train_572.png,train,30,2766,1316
469,train_157.png,train,31,2868,1504
470,train_445.png,val,31,2854,1316
471,train_628.png,val,32,2872,1504
472,train_575.png,train,29,2990,1316
473,train_554.png,train,31,1976,976
474,train_625.png,val,29,2750,1316
475,train_494.png,train,31,2934,1316
476,train_202.png,train,28,2921,1316
477,train_523.png,train,22,2871,1316
478,train_595.png,train,32,2940,1316
479,train_481.png,train,28,2789,1316
480,train_126.png,val,26,2928,1316
481,train_432.png,train,29,2828,1316
482,train_262.png,train,29,2895,1316
483,train_149.png,train,24,2926,1316
484,train_443.png,train,21,2881,1316
485,train_533.png,train,31,2948,1316
486,train_433.png,train,30,2952,1316
487,train_501.png,train,21,2816,1316
488,train_371.png,train,25,2946,1316
489,train_270.png,val,30,2805,1316
490,train_18.png,train,31,2756,1316
491,train_39.png,train,32,2947,1316
492,train_504.png,train,29,2952,1316
493,train_577.png,train,28,2830,1316
494,train_339.png,train,31,2832,1316
495,train_184.png,train,27,2863,1316
496,train_167.png,train,32,2968,1316
497,train_72.png,train,31,2885,1316
498,train_192.png,train,30,2968,1316
499,train_207.png,train,31,2930,1316
500,train_516.png,train,28,1976,976
501,train_598.png,train,27,2940,1316
502,train_359.png,train,31,2982,1316
503,train_539.png,train,30,2851,1316
504,train_17.png,train,25,2868,1504
505,train_619.png,train,32,2859,1316
506,train_268.png,val,30,2770,1316
507,train_182.png,train,27,2868,1504
508,train_302.png,train,31,2987,1316
509,train_426.png,train,30,2836,1316
510,train_70.png,train,25,2952,1316
511,train_345.png,train,32,2738,1316
512,train_47.png,val,27,2774,1316
513,train_15.png,train,22,2904,1316
514,train_279.png,train,23,2959,1316
515,train_201.png,train,31,2868,1504
516,train_269.png,train,28,2802,1316
517,train_131.png,train,27,2894,1316
518,train_43.png,val,26,2759,1316
519,train_230.png,train,20,2830,1316
520,train_189.png,train,30,2866,1316
521,train_75.png,train,29,1976,976
522,train_580.png,val,22,2868,1504
523,train_32.png,train,29,2917,1316
524,train_316.png,train,29,2957,1316
525,train_175.png,train,21,2872,1504
526,train_550.png,train,32,2848,1316
527,train_21.png,train,25,2808,1316
528,train_165.png,train,28,2890,1316
529,train_333.png,train,23,2872,1504
530,train_419.png,train,25,2745,1316
531,train_537.png,train,27,1976,976
532,train_63.png,train,31,2670,1316
533,train_574.png,train,29,2954,1316
534,train_55.png,train,29,1976,976
535,train_307.png,train,31,2868,1504
536,train_278.png,train,32,2753,1316
537,train_418.png,train,27,2978,1316
538,train_380.png,train,28,2841,1316
539,train_633.png,train,30,2900,1316
540,train_491.png,train,28,2987,1316
541,train_354.png,train,32,2860,1316
542,train_520.png,train,25,2810,1316
543,train_163.png,train,17,2922,1316
544,train_242.png,train,6,2945,1316
545,train_36.png,train,32,1976,976
546,train_186.png,train,30,2866,1316
547,train_397.png,val,25,2846,1316
548,train_508.png,train,24,2913,1316
549,train_522.png,train,32,2904,1316
550,train_384.png,val,28,1976,976
551,train_569.png,train,32,2907,1316
552,train_553.png,train,32,1976,976
553,train_140.png,train,31,2842,1316
554,train_449.png,train,29,2840,1316
555,train_547.png,train,27,1976,976
556,train_284.png,train,30,2682,1316
557,train_222.png,train,29,2952,1316
558,train_60.png,val,30,2805,1316
559,train_114.png,val,30,2990,1316
560,train_318.png,train,30,2942,1316
561,train_395.png,train,25,2882,1316
562,train_357.png,train,28,2656,1316
563,train_567.png,train,30,2900,1316
564,train_399.png,train,30,2968,1316
565,train_390.png,train,32,2802,1316
566,train_490.png,val,28,2842,1316
567,train_587.png,val,18,2920,1316
568,train_53.png,train,29,2840,1316
569,train_427.png,train,32,2868,1504
570,train_139.png,train,30,2983,1316
571,train_256.png,train,28,2900,1316
572,train_42.png,train,20,2950,1316
573,train_221.png,val,32,2775,1316
574,train_23.png,train,27,2889,1316
575,train_563.png,val,28,1976,976
576,train_97.png,train,25,2830,1316
577,train_601.png,train,32,2821,1316
578,train_197.png,train,30,1976,976
579,train_275.png,train,26,2847,1316
580,train_422.png,train,32,2895,1316
581,train_378.png,train,29,2814,1316
582,train_258.png,train,24,2988,1316
583,train_616.png,train,30,2965,1316
584,train_178.png,val,29,2949,1316
585,train_350.png,val,31,2830,1316
586,train_249.png,train,31,2990,1316
587,train_235.png,train,32,2854,1316
588,train_180.png,train,32,2931,1316
589,train_317.png,train,32,2838,1316
590,train_13.png,train,30,2828,1316
591,train_463.png,train,29,2728,1316
592,train_68.png,train,26,2982,1316
593,train_82.png,train,31,2952,1316
594,train_360.png,train,32,2657,1316
595,train_589.png,train,23,1976,976
596,train_368.png,train,27,1976,976
597,train_288.png,val,32,2872,1504
598,train_71.png,train,29,2965,1316
599,train_46.png,train,25,2954,1316
600,train_34.png,train,31,1976,976
601,train_298.png,train,30,2966,1316
602,train_342.png,train,28,2901,1316
603,train_429.png,val,31,2903,1316
604,train_90.png,val,25,2846,1316
605,train_45.png,val,27,1976,976
606,train_323.png,val,32,2822,1316
607,train_444.png,train,23,2790,1316
608,train_525.png,val,32,2834,1316
609,train_185.png,val,32,2910,1316
610,train_465.png,train,30,2769,1316
611,train_335.png,train,32,2972,1316
612,train_627.png,train,29,2893,1316
613,train_227.png,train,26,2868,1504
614,train_52.png,train,21,2924,1316
615,train_556.png,train,31,2938,1316
616,train_179.png,train,29,2742,1316
617,train_329.png,val,22,2758,1316
618,train_558.png,train,29,2947,1316
619,train_479.png,val,29,2872,1316
620,train_607.png,train,29,2864,1316
621,train_138.png,train,19,2912,1316
622,train_194.png,train,30,2868,1504
623,train_111.png,val,32,2959,1316
624,train_33.png,val,30,1976,976
625,train_389.png,val,23,2929,1316
626,train_120.png,train,32,2967,1316
627,train_238.png,val,30,2918,1316
628,train_224.png,val,32,2872,1504
629,train_193.png,val,29,2758,1316
630,train_613.png,train,31,2964,1316
631,train_338.png,val,31,2840,1316
632,train_344.png,train,30,2806,1316
633,train_599.png,train,31,3002,1316
634,train_370.png,val,32,2872,1504
